org,type,country,contact_name_if_public,role,email_or_form_url,source_url,verified_date,notes
The Elephant Sanctuary in Tennessee,sanctuary,US,,General contact; Education Team runs distance learning for teachers,elephant@elephants.com,https://www.elephants.com/education,2026-10-08,"email in page HTML (single curl). Education page describes Distance Learning programs for teachers, classrooms and libraries. GFAS accredited elephant sanctuary."
Global Sanctuary for Elephants,sanctuary,US / Brazil,,General contact form,https://globalelephants.org/contact/,https://globalelephants.org/contact/,2026-10-08,Contact form on page (no email shown). Operates Elephant Sanctuary Brazil. Form submission would count as outreach: needs Joshua's yes.
Smithsonian's National Zoo and Conservation Biology Institute,zoo,US,,"Education department (Teacher Advisory Council, virtual programs)",nzp-education@si.edu,https://nationalzoo.si.edu/education/join-zoos-teacher-advisory-council,2026-10-08,"email shown on page (Cloudflare protected, decoded from the page itself). Asian elephants on site (Elephant Trails). Runs free K to 5 Conservation Classroom."
Oregon Zoo,zoo,US,,School groups,schoolgroups@oregonzoo.org,https://www.oregonzoo.org/education,2026-10-08,"Email on field trips page (WebFetch). Asian elephants (Elephant Lands); reconfirm before outreach. Address is for bookings, so lead with a short resource note only."
Zoo Atlanta,zoo,US,,Education Department,education@zooatlanta.org,https://zooatlanta.org/program/elephants/,2026-10-08,"email shown on page (Cloudflare protected, decoded from the page itself). Page is the Keeper for a Day: Elephants program, so elephants confirmed."
Oklahoma City Zoo,zoo,US,,Education (on grounds programs),education@okczoo.org,https://okczoo.org/zoo-class,2026-10-08,Email in page text (WebFetch). Asian elephants on site; reconfirm before outreach.
Reid Park Zoo,zoo,US,,Education Department,education@reidparkzoo.org,https://reidparkzoo.org/education/,2026-10-08,"email seen in page text via search index excerpt; site blocks automated fetch, recheck in a browser before use. African elephants on site; reconfirm."
Fresno Chaffee Zoo,zoo,US,,Education and Zoo Camp,education@fcz.org,https://fcz.org/contact-us/,2026-10-08,email in page HTML (single curl). African elephants (African Adventure); reconfirm. Programs are NGSS aligned per zoo.
Denver Zoo Conservation Alliance,zoo,US,,"Education (school programs, teacher PD)",DZEducation@denverzoo.org,https://denverzoo.org/learn-at-the-zoo/,2026-10-08,email in page HTML (single curl). Asian elephants (Toyota Elephant Passage); reconfirm.
Columbus Zoo and Aquarium,zoo,US,,Teacher programs,teacher@columbuszoo.org,https://www.columbuszoo.org/educators,2026-10-08,email in page HTML (single curl). Asian elephants on site; reconfirm. Also schools@columbuszoo.org on https://www.columbuszoo.org/school-trips (bookings).
Saint Louis Zoo,zoo,US,,Education outreach requests (virtual school classes),outreachrequests@stlzoo.org,https://stlzoo.org/education/virtual-programs/virtual-school-classes,2026-10-08,email in page HTML (single curl). Asian elephants (River's Edge); reconfirm.
Houston Zoo,zoo,US,,Educators,education@houstonzoo.org,https://www.houstonzoo.org/make-memories/educators/,2026-10-08,email in page HTML (single curl). Asian elephants on site; reconfirm.
Cincinnati Zoo and Botanical Garden,zoo,US,,Education,Education@cincinnatizoo.org,https://cincinnatizoo.org/education/,2026-10-08,email in page HTML (single curl). Asian elephants (Elephant Trek); reconfirm.
Dallas Zoo,zoo,US,,Education,Education@DallasZoo.com,https://www.dallaszoo.com/education/,2026-10-08,email in page HTML (single curl). African elephants (Giants of the Savanna); reconfirm.
Nashville Zoo,zoo,US,,Education (parent and teacher resources),education@nashvillezoo.org,https://www.nashvillezoo.org/parentteacher-resources,2026-10-08,email in page HTML (single curl). African elephants on site; reconfirm.
Fort Worth Zoo,zoo,US,,Education (field trips),education@fortworthzoo.org,https://www.fortworthzoo.org/field-trips,2026-10-08,email in page HTML (single curl). Asian elephants on site; reconfirm.
"Kansas City Zoo and Aquarium (ZooED, Friends of the Zoo)",zoo,US,,ZooED school education program,zooed@fotzkc.org,https://www.kczooed.org/contact-us,2026-10-08,email in page HTML (single curl). ZooED serves schools in Jackson and Clay counties. African elephants on site; reconfirm.
Utah's Hogle Zoo,zoo,US,,iSEE school outreach program,iSee@hoglezoo.org,https://www.hoglezoo.org/isee/,2026-10-08,"email shown on page (Cloudflare protected, decoded from the page itself). Page also lists a named teacher workshop contact; not recorded here. African elephants on site; reconfirm."
Sedgwick County Zoo,zoo,US,,Education Department (field trips),zooeducation@scz.org,https://scz.org/field-trips,2026-10-08,email in page HTML (single curl). African elephants on site; reconfirm.
Tulsa Zoo,zoo,US,,Education Department,education@tulsazoo.org,https://tulsazoo.org/learn,2026-10-08,email in page HTML (single curl). Asian elephants on site; reconfirm.
Chester Zoo,zoo,UK,,Education visits and school events,learning@chesterzoo.org,https://chesterzoo.org/contact/,2026-10-08,email in page HTML (single curl). Also on the schools outreach page. Asian elephants on site; reconfirm. EAZA member.
Colchester Zoo (Colchester Zoological Society),zoo,UK,,Education Department,education@colchesterzoo.org,https://www.colchesterzoologicalsociety.com/education/schools/teacher-faqs/,2026-10-08,"Email in page text (WebFetch). Page mentions the elephant house and paddock, so elephants confirmed. EAZA member."
Blackpool Zoo,zoo,UK,,School enquiries and bookings,zoo.school@blackpoolzoo.org.uk,https://www.blackpoolzoo.org.uk/education---conservation/education/schools,2026-10-08,Email in page text (WebFetch). Asian elephants (Project Elephant Base Camp); reconfirm. EAZA member.
ZSL Whipsnade Zoo,zoo,UK,,"Whipsnade Zoo Education (sessions, outreach, online learning)",whipsnadezoolearning@zsl.org,https://www.whipsnadezoo.org/plan-your-visit/group-visits/education-sessions,2026-10-08,email in page HTML (single curl). Asian elephant herd on site; reconfirm. EAZA member.
"Cornell University, K. Lisa Yang Center for Conservation Bioacoustics (Elephant Listening Project)",university outreach,US,,Center contact form,https://www.birds.cornell.edu/ccb/contact-us/,https://www.birds.cornell.edu/ccb/contact-us/,2026-10-08,Contact form on page. Home of the Elephant Listening Project (forest elephant acoustics). Form submission would count as outreach: needs Joshua's yes.
Cornell Lab of Ornithology K-12 Education,university outreach,US,,K-12 education team,K12Lab@cornell.edu,https://www.birds.cornell.edu/k12/contact-us/,2026-10-08,"email shown on page (Cloudflare protected, decoded from the page itself). Same Lab as the Elephant Listening Project; K-12 team is not elephant specific, so low priority."
"University of Oxford, Department of Biology",zoology dept,UK,,Department communications team,comms@biology.ox.ac.uk,https://www.biology.ox.ac.uk/contact-us,2026-10-08,"email in page HTML (single curl). Department of the Vollrath group behind the elephants and bees playback study (King et al. 2007). Low priority; academic, not school outreach."
